Feature ID	Taxon	Confidence
bc23d2ee539bf2f52faf789289af7879	Unassigned	6.514618142716699e-07
dcb7b288381ec22163253cc31ca4bb57	Unassigned	2.0664784602386632e-06
c4269a6e9bd66eca53e710c9f9d9ad4f	Unassigned	0.08780854782882863
194be3a565245d51b6d1182d4d8c7e5b	Unassigned	1.3751051187727015e-06
4e9b3c8dd9808d6a78936ceaf96dc0d5	Unassigned	6.616486247779108e-10
aebf2a74a3aa9e5876c479b1db88985f	Unassigned	3.4342374499729544e-09
d8505780c03879a277eb71fe2c852192	Unassigned	0.013606536543879999
075614efc7d3dd61cd64a4e5f17078ae	Unassigned	1.4792711500177802e-10
92e3a73c9006d7a85d3112558daf2576	Unassigned	9.005429074560034e-06
d9e724faff24eeeb7ac7fcc5cc7885b6	Unassigned	0.0012153131452480315
7a8d29c59b803baaed9cc1f04ce0dc33	Unassigned	1.8792596787609028e-06
b3fef1e26b7b6ac20847ede4da68547a	Unassigned	1.2906341538831967e-06
86adb6193435090318cf24df07770d07	Unassigned	0.0026721237075323367
94b000e59b7ac160b0416c9ab45ff0bf	Unassigned	8.143520302539287e-10
74c5523929f4d53f7928f15bc7751994	Unassigned	1.1972992852715691e-07
b7269ca8dbd01fc77b163d64ff1caf90	Unassigned	0.0007095218171493389
e25836661b81c9cc3aa99c8b2c7ca14d	Unassigned	1.549981820669899e-08
1c86153e1b13ab5322c96f2602b73513	Unassigned	4.5147596347439034e-05
47ad35356a9bfec68416d32e4f039021	Unassigned	5.733147290243323e-10
29f6e97a2ed3b8abe26bb45acba8451f	Unassigned	9.899923769651764e-08
04195686f2b70585790ec75320de0d6f	Unassigned	1.3948131538654707e-09
5642c43966bbd7f41c2f0cbe988205ff	Unassigned	2.0724856275577963e-09
9ac5fec396208e598ab2e2d26985d0df	Unassigned	6.290377471795949e-06
33b601a7a8295e7a6c8f413504129220	Unassigned	2.875529592216708e-09
ac5402de1ddf427ab8d2b0a8a0a44f19	Unassigned	1.2198781385031054e-07
