Feature ID	Taxon	Confidence
bc23d2ee539bf2f52faf789289af7879	k__Bacteria	1.0000000000000009
dcb7b288381ec22163253cc31ca4bb57	Unassigned	8.659739592076221e-15
c4269a6e9bd66eca53e710c9f9d9ad4f	Unassigned	9.938938561049326e-12
194be3a565245d51b6d1182d4d8c7e5b	Unassigned	6.661338147750939e-16
4e9b3c8dd9808d6a78936ceaf96dc0d5	Unassigned	2.7755575615628914e-15
aebf2a74a3aa9e5876c479b1db88985f	k__Bacteria	1.0000000000000002
d8505780c03879a277eb71fe2c852192	Unassigned	8.243108751138095e-09
075614efc7d3dd61cd64a4e5f17078ae	Unassigned	4.3298697960381105e-15
92e3a73c9006d7a85d3112558daf2576	Unassigned	4.3298697960381105e-15
d9e724faff24eeeb7ac7fcc5cc7885b6	Unassigned	1.8887880148810154e-10
7a8d29c59b803baaed9cc1f04ce0dc33	Unassigned	7.882583474838611e-15
b3fef1e26b7b6ac20847ede4da68547a	k__Bacteria	1.0000000000000033
86adb6193435090318cf24df07770d07	Unassigned	3.4416913763379853e-15
94b000e59b7ac160b0416c9ab45ff0bf	k__Bacteria	1.0000000000000004
74c5523929f4d53f7928f15bc7751994	Unassigned	8.659739592076221e-15
b7269ca8dbd01fc77b163d64ff1caf90	Unassigned	1.3211653993039363e-14
e25836661b81c9cc3aa99c8b2c7ca14d	Unassigned	7.216449660063518e-15
1c86153e1b13ab5322c96f2602b73513	Unassigned	3.911293511293934e-11
47ad35356a9bfec68416d32e4f039021	Unassigned	6.8833827526759706e-15
29f6e97a2ed3b8abe26bb45acba8451f	k__Bacteria	1.000000000000007
04195686f2b70585790ec75320de0d6f	Unassigned	5.773159728050814e-15
5642c43966bbd7f41c2f0cbe988205ff	Unassigned	1.887379141862766e-15
9ac5fec396208e598ab2e2d26985d0df	Unassigned	2.9976021664879227e-15
33b601a7a8295e7a6c8f413504129220	k__Bacteria	1.0000000000000029
ac5402de1ddf427ab8d2b0a8a0a44f19	k__Bacteria	1.0000000000000027
