Feature ID	Taxon	Confidence
bc23d2ee539bf2f52faf789289af7879	k__Bacteria	1.000000000000005
dcb7b288381ec22163253cc31ca4bb57	k__Bacteria	1.0000000000000016
c4269a6e9bd66eca53e710c9f9d9ad4f	Unassigned	3.67095243092308e-12
194be3a565245d51b6d1182d4d8c7e5b	Unassigned	3.6637359812630166e-15
4e9b3c8dd9808d6a78936ceaf96dc0d5	k__Bacteria	1.0000000000000007
aebf2a74a3aa9e5876c479b1db88985f	k__Bacteria	1.0000000000000049
d8505780c03879a277eb71fe2c852192	Unassigned	1.1132504917910069e-09
075614efc7d3dd61cd64a4e5f17078ae	Unassigned	2.886579864025407e-15
92e3a73c9006d7a85d3112558daf2576	Unassigned	2.4424906541753444e-15
d9e724faff24eeeb7ac7fcc5cc7885b6	Unassigned	5.3718030024185737e-11
7a8d29c59b803baaed9cc1f04ce0dc33	k__Bacteria	1.0000000000000056
b3fef1e26b7b6ac20847ede4da68547a	Unassigned	4.551914400963142e-15
86adb6193435090318cf24df07770d07	Unassigned	3.3306690738754696e-16
94b000e59b7ac160b0416c9ab45ff0bf	k__Bacteria	1.0000000000000029
74c5523929f4d53f7928f15bc7751994	Unassigned	1.2323475573339238e-14
b7269ca8dbd01fc77b163d64ff1caf90	Unassigned	1.1435297153639112e-14
e25836661b81c9cc3aa99c8b2c7ca14d	k__Bacteria	1.0000000000000004
1c86153e1b13ab5322c96f2602b73513	Unassigned	1.198241506017439e-11
47ad35356a9bfec68416d32e4f039021	Unassigned	4.218847493575595e-15
29f6e97a2ed3b8abe26bb45acba8451f	Unassigned	3.774758283725532e-15
04195686f2b70585790ec75320de0d6f	Unassigned	5.218048215738236e-15
5642c43966bbd7f41c2f0cbe988205ff	Unassigned	1.3100631690576847e-14
9ac5fec396208e598ab2e2d26985d0df	Unassigned	1.3322676295501878e-15
33b601a7a8295e7a6c8f413504129220	Unassigned	3.6637359812630166e-15
ac5402de1ddf427ab8d2b0a8a0a44f19	Unassigned	5.88418203051333e-15
