Feature ID	Taxon	Confidence
bc23d2ee539bf2f52faf789289af7879	Unassigned	8.458320392801255e-05
dcb7b288381ec22163253cc31ca4bb57	Unassigned	6.48166399153105e-06
c4269a6e9bd66eca53e710c9f9d9ad4f	Unassigned	0.02313539510580287
194be3a565245d51b6d1182d4d8c7e5b	Unassigned	6.766077397379888e-05
4e9b3c8dd9808d6a78936ceaf96dc0d5	Unassigned	6.333045717843433e-06
aebf2a74a3aa9e5876c479b1db88985f	Unassigned	7.834986772770058e-05
d8505780c03879a277eb71fe2c852192	Unassigned	0.00041885896766469255
075614efc7d3dd61cd64a4e5f17078ae	Unassigned	1.2908956662505133e-06
92e3a73c9006d7a85d3112558daf2576	Unassigned	8.304311622686633e-05
d9e724faff24eeeb7ac7fcc5cc7885b6	Unassigned	0.00021384305950689075
7a8d29c59b803baaed9cc1f04ce0dc33	Unassigned	4.589852111158699e-05
b3fef1e26b7b6ac20847ede4da68547a	Unassigned	0.00010485033591289827
86adb6193435090318cf24df07770d07	Unassigned	0.000142268054830752
94b000e59b7ac160b0416c9ab45ff0bf	Unassigned	3.1025713096433094e-06
74c5523929f4d53f7928f15bc7751994	Unassigned	0.0001705276993423377
b7269ca8dbd01fc77b163d64ff1caf90	Unassigned	0.0003468521890228615
e25836661b81c9cc3aa99c8b2c7ca14d	Unassigned	3.5118381763732387e-06
1c86153e1b13ab5322c96f2602b73513	Unassigned	0.00021189381036801347
47ad35356a9bfec68416d32e4f039021	Unassigned	2.0603129163854206e-06
29f6e97a2ed3b8abe26bb45acba8451f	Unassigned	1.6389837256602924e-05
04195686f2b70585790ec75320de0d6f	Unassigned	8.893632152950914e-07
5642c43966bbd7f41c2f0cbe988205ff	Unassigned	9.727071370635443e-05
9ac5fec396208e598ab2e2d26985d0df	Unassigned	0.0002462146064778903
33b601a7a8295e7a6c8f413504129220	Unassigned	1.7469390573010557e-05
ac5402de1ddf427ab8d2b0a8a0a44f19	Unassigned	1.9472949945642526e-05
