Feature ID	Taxon	Confidence
bc23d2ee539bf2f52faf789289af7879	Unassigned	1.2179035557835505e-11
dcb7b288381ec22163253cc31ca4bb57	Unassigned	1.3289369604763124e-12
c4269a6e9bd66eca53e710c9f9d9ad4f	Unassigned	9.994345240293967e-08
194be3a565245d51b6d1182d4d8c7e5b	Unassigned	5.5067062021407764e-14
4e9b3c8dd9808d6a78936ceaf96dc0d5	Unassigned	1.5543122344752192e-15
aebf2a74a3aa9e5876c479b1db88985f	Unassigned	1.2212453270876722e-15
d8505780c03879a277eb71fe2c852192	Unassigned	5.548712212810614e-05
075614efc7d3dd61cd64a4e5f17078ae	k__Bacteria	1.0000000000000056
92e3a73c9006d7a85d3112558daf2576	Unassigned	7.961409309586998e-13
d9e724faff24eeeb7ac7fcc5cc7885b6	Unassigned	4.34679071903421e-06
7a8d29c59b803baaed9cc1f04ce0dc33	Unassigned	2.886579864025407e-13
b3fef1e26b7b6ac20847ede4da68547a	Unassigned	4.6407322429331543e-14
86adb6193435090318cf24df07770d07	Unassigned	2.516415964493035e-10
94b000e59b7ac160b0416c9ab45ff0bf	k__Bacteria	1.0000000000000062
74c5523929f4d53f7928f15bc7751994	Unassigned	3.232081269288756e-11
b7269ca8dbd01fc77b163d64ff1caf90	Unassigned	8.024225728320289e-11
e25836661b81c9cc3aa99c8b2c7ca14d	Unassigned	7.327471962526033e-15
1c86153e1b13ab5322c96f2602b73513	Unassigned	9.262670319643007e-08
47ad35356a9bfec68416d32e4f039021	Unassigned	1.3322676295501878e-15
29f6e97a2ed3b8abe26bb45acba8451f	Unassigned	5.10702591327572e-15
04195686f2b70585790ec75320de0d6f	Unassigned	1.6653345369377348e-15
5642c43966bbd7f41c2f0cbe988205ff	Unassigned	1.9761969838327786e-13
9ac5fec396208e598ab2e2d26985d0df	Unassigned	4.554134847012392e-13
33b601a7a8295e7a6c8f413504129220	Unassigned	7.216449660063518e-15
ac5402de1ddf427ab8d2b0a8a0a44f19	Unassigned	9.43689570931383e-15
