Feature ID	Taxon	Confidence
171be7c96c0335f324d4944988c595c5	k__Fungi	1.000000000000008
d374c2f3352092dd2c1ecf3aabe74277	k__Fungi	1.0000000000000029
d03ca5e8f74dbdfd8c0bb07de9049815	k__Fungi	1.0000000000000064
47ac2d324e41fb682b0f47d211b737c7	k__Fungi	1.0000000000000022
65300481deec02196e65f2f7d7e4b9b7	k__Fungi	1.0000000000000047
74cbdaeaced6bd3a886efe2a40dbb783	k__Fungi	1.0000000000000016
1836a383f4d66000688d33087c6608ae	Unassigned	6.661338147750939e-16
d48eeaecb871518ba4e11d1aa1d8bcbb	k__Fungi	1.0000000000000009
2cc5e8a108cbbe4c1dfe3126e6192d98	k__Fungi	1.0000000000000009
79c30328522455fabacd8f04fd2479d8	k__Fungi	1.0000000000000058
805835e9bf3bd3095815b9483ff9ed30	k__Fungi	1.000000000000001
638ba109fec2bb27d5564f2ba95523cb	Unassigned	2.220446049250313e-16
9af25943261b01c1fe84b8c617b23078	Unassigned	1.1102230246251565e-15
d735827e8c9fbe5b6cb8d60976076416	k__Fungi	1.0000000000000058
7ff7f9832be57dc8108fd6390e8e905c	k__Fungi	1.0000000000000067
ea10825e5788bd2b72e64642e7d0d397	Unassigned	1.9984014443252818e-15
bd81f00fac7cfe112949c77cd943bbad	Unassigned	1.1102230246251565e-16
06e9965863cbd2673071e43ea32612d9	Unassigned	1.0436096431476471e-14
205f6ef616578d01de786903537b64a9	k__Fungi	1.0000000000000004
0f30c81d2e95cdb37d44661270d73d3a	k__Fungi	1.0000000000000044
87911359940e653775ec69e92ce60108	Unassigned	1.5543122344752192e-15
3b7b9fa2c7520ded4f910be5e93836bb	Unassigned	6.439293542825908e-15
