Feature ID	Taxon	Confidence
bc23d2ee539bf2f52faf789289af7879	Unassigned	3.4416913763379853e-15
dcb7b288381ec22163253cc31ca4bb57	Unassigned	6.8833827526759706e-15
c4269a6e9bd66eca53e710c9f9d9ad4f	Unassigned	3.195336217842737e-10
194be3a565245d51b6d1182d4d8c7e5b	Unassigned	2.9976021664879227e-15
4e9b3c8dd9808d6a78936ceaf96dc0d5	k__Bacteria	1.0000000000000024
aebf2a74a3aa9e5876c479b1db88985f	k__Bacteria	1.0000000000000024
d8505780c03879a277eb71fe2c852192	Unassigned	6.6876192361675635e-09
075614efc7d3dd61cd64a4e5f17078ae	k__Bacteria	1.0000000000000042
92e3a73c9006d7a85d3112558daf2576	Unassigned	6.106226635438361e-15
d9e724faff24eeeb7ac7fcc5cc7885b6	Unassigned	2.3512813918102893e-10
7a8d29c59b803baaed9cc1f04ce0dc33	Unassigned	4.440892098500626e-15
b3fef1e26b7b6ac20847ede4da68547a	Unassigned	2.55351295663786e-15
86adb6193435090318cf24df07770d07	Unassigned	1.2434497875801753e-14
94b000e59b7ac160b0416c9ab45ff0bf	k__Bacteria	1.0000000000000016
74c5523929f4d53f7928f15bc7751994	Unassigned	2.0539125955565396e-14
b7269ca8dbd01fc77b163d64ff1caf90	Unassigned	7.105427357601002e-15
e25836661b81c9cc3aa99c8b2c7ca14d	Unassigned	6.994405055138486e-15
1c86153e1b13ab5322c96f2602b73513	Unassigned	4.7604031827575e-11
47ad35356a9bfec68416d32e4f039021	k__Bacteria	1.0000000000000013
29f6e97a2ed3b8abe26bb45acba8451f	k__Bacteria	1.0000000000000022
04195686f2b70585790ec75320de0d6f	Unassigned	5.995204332975845e-15
5642c43966bbd7f41c2f0cbe988205ff	Unassigned	8.104628079763643e-15
9ac5fec396208e598ab2e2d26985d0df	Unassigned	3.3306690738754696e-16
33b601a7a8295e7a6c8f413504129220	Unassigned	2.220446049250313e-16
ac5402de1ddf427ab8d2b0a8a0a44f19	k__Bacteria	1.000000000000003
