Feature ID	Taxon	Confidence
bc23d2ee539bf2f52faf789289af7879	Unassigned	3.647817825580546e-09
dcb7b288381ec22163253cc31ca4bb57	Unassigned	7.181665484523592e-09
c4269a6e9bd66eca53e710c9f9d9ad4f	Unassigned	0.011498839101346414
194be3a565245d51b6d1182d4d8c7e5b	Unassigned	8.862471867487898e-09
4e9b3c8dd9808d6a78936ceaf96dc0d5	Unassigned	1.9488743951967535e-11
aebf2a74a3aa9e5876c479b1db88985f	Unassigned	2.5488322563660404e-10
d8505780c03879a277eb71fe2c852192	Unassigned	1.5614939377517345e-05
075614efc7d3dd61cd64a4e5f17078ae	Unassigned	2.7395863355650363e-11
92e3a73c9006d7a85d3112558daf2576	Unassigned	1.722196496523054e-09
d9e724faff24eeeb7ac7fcc5cc7885b6	Unassigned	2.23896024353909e-06
7a8d29c59b803baaed9cc1f04ce0dc33	Unassigned	4.3062930998871707e-10
b3fef1e26b7b6ac20847ede4da68547a	Unassigned	5.94162696820888e-09
86adb6193435090318cf24df07770d07	Unassigned	7.188946432590271e-07
94b000e59b7ac160b0416c9ab45ff0bf	Unassigned	1.0223599744563217e-11
74c5523929f4d53f7928f15bc7751994	Unassigned	6.789790174543953e-09
b7269ca8dbd01fc77b163d64ff1caf90	Unassigned	7.692080535859347e-07
e25836661b81c9cc3aa99c8b2c7ca14d	Unassigned	6.974318900176968e-10
1c86153e1b13ab5322c96f2602b73513	Unassigned	2.790216276915558e-07
47ad35356a9bfec68416d32e4f039021	Unassigned	1.363742452298311e-11
29f6e97a2ed3b8abe26bb45acba8451f	Unassigned	4.4873416094048935e-10
04195686f2b70585790ec75320de0d6f	Unassigned	1.2013723349468819e-11
5642c43966bbd7f41c2f0cbe988205ff	Unassigned	1.588214004755173e-10
9ac5fec396208e598ab2e2d26985d0df	Unassigned	3.015168115183542e-09
33b601a7a8295e7a6c8f413504129220	Unassigned	1.0296208330373702e-11
ac5402de1ddf427ab8d2b0a8a0a44f19	Unassigned	1.8429281434251266e-09
