Feature ID	Taxon	Confidence
bc23d2ee539bf2f52faf789289af7879	Unassigned	1.6586731987899839e-13
dcb7b288381ec22163253cc31ca4bb57	Unassigned	1.0769163338864018e-13
c4269a6e9bd66eca53e710c9f9d9ad4f	Unassigned	2.4536889964288378e-08
194be3a565245d51b6d1182d4d8c7e5b	Unassigned	8.659739592076221e-15
4e9b3c8dd9808d6a78936ceaf96dc0d5	k__Bacteria	1.0000000000000004
aebf2a74a3aa9e5876c479b1db88985f	Unassigned	5.551115123125783e-15
d8505780c03879a277eb71fe2c852192	Unassigned	1.7125637483794698e-05
075614efc7d3dd61cd64a4e5f17078ae	Unassigned	3.774758283725532e-15
92e3a73c9006d7a85d3112558daf2576	Unassigned	3.68594044175552e-14
d9e724faff24eeeb7ac7fcc5cc7885b6	Unassigned	1.8222417099700294e-06
7a8d29c59b803baaed9cc1f04ce0dc33	Unassigned	1.4210854715202004e-14
b3fef1e26b7b6ac20847ede4da68547a	Unassigned	7.038813976123492e-14
86adb6193435090318cf24df07770d07	Unassigned	1.4216738897232517e-11
94b000e59b7ac160b0416c9ab45ff0bf	k__Bacteria	1.0000000000000016
74c5523929f4d53f7928f15bc7751994	Unassigned	8.271383578062341e-12
b7269ca8dbd01fc77b163d64ff1caf90	Unassigned	1.1175504965876826e-11
e25836661b81c9cc3aa99c8b2c7ca14d	Unassigned	2.220446049250313e-16
1c86153e1b13ab5322c96f2602b73513	Unassigned	5.1060593975194024e-08
47ad35356a9bfec68416d32e4f039021	Unassigned	2.9976021664879227e-15
29f6e97a2ed3b8abe26bb45acba8451f	k__Bacteria	1.0000000000000029
04195686f2b70585790ec75320de0d6f	Unassigned	3.3306690738754696e-16
5642c43966bbd7f41c2f0cbe988205ff	Unassigned	6.438183319801283e-13
9ac5fec396208e598ab2e2d26985d0df	Unassigned	1.9906298831529057e-13
33b601a7a8295e7a6c8f413504129220	Unassigned	4.884981308350689e-15
ac5402de1ddf427ab8d2b0a8a0a44f19	Unassigned	3.3306690738754696e-16
