Feature ID	Taxon	Confidence
bc23d2ee539bf2f52faf789289af7879	k__Bacteria	0.8962579361366714
dcb7b288381ec22163253cc31ca4bb57	k__Bacteria	0.9355661297014833
c4269a6e9bd66eca53e710c9f9d9ad4f	k__Bacteria	0.9422337041454618
194be3a565245d51b6d1182d4d8c7e5b	Unassigned	0.8311265886517218
4e9b3c8dd9808d6a78936ceaf96dc0d5	Unassigned	0.838512443033025
aebf2a74a3aa9e5876c479b1db88985f	k__Bacteria	0.9135213431795941
d8505780c03879a277eb71fe2c852192	Unassigned	0.5266915189174297
075614efc7d3dd61cd64a4e5f17078ae	k__Bacteria	0.9284990304709333
92e3a73c9006d7a85d3112558daf2576	Unassigned	0.8372670467693882
d9e724faff24eeeb7ac7fcc5cc7885b6	Unassigned	0.5017079480651896
7a8d29c59b803baaed9cc1f04ce0dc33	k__Bacteria	0.8656398343424744
b3fef1e26b7b6ac20847ede4da68547a	k__Bacteria	0.9831278060547871
86adb6193435090318cf24df07770d07	Unassigned	0.7688493948458804
94b000e59b7ac160b0416c9ab45ff0bf	k__Bacteria	0.9438407901006766
74c5523929f4d53f7928f15bc7751994	k__Bacteria	0.8989589365241274
b7269ca8dbd01fc77b163d64ff1caf90	k__Bacteria	0.8603150781831663
e25836661b81c9cc3aa99c8b2c7ca14d	k__Bacteria	0.8919398961470274
1c86153e1b13ab5322c96f2602b73513	Unassigned	0.5311173735743175
47ad35356a9bfec68416d32e4f039021	k__Bacteria	0.8892477506969443
29f6e97a2ed3b8abe26bb45acba8451f	k__Bacteria	0.8629439394431533
04195686f2b70585790ec75320de0d6f	k__Bacteria	0.9316342834667642
5642c43966bbd7f41c2f0cbe988205ff	k__Bacteria	0.9137293479178712
9ac5fec396208e598ab2e2d26985d0df	Unassigned	0.8208776871017189
33b601a7a8295e7a6c8f413504129220	Unassigned	0.8239237607036533
ac5402de1ddf427ab8d2b0a8a0a44f19	Unassigned	0.8478669860215858
