Feature ID	Taxon	Confidence
ec77e3de9951e4b4183a0afd548a0d47	Unassigned	0.0015698641280863512
6c687828e2fdce22a50b09ae7e9e6a1c	Unassigned	0.0023486530821185125
0d87b112bc336b97248bf4757a668689	Unassigned	0.0012127571812280413
70c9bfbb24364a1049dc8f2807fbf39e	Unassigned	0.0038219656939461055
d0b698c7298bf04110a6d2f220879bfb	Unassigned	0.0012654822663408227
4a765a31e0cf23936b0d98af5f0b7b81	Unassigned	0.003490733125287915
e27680d4009f98f30248d823bc17fb8e	Unassigned	0.0011340861145735515
0dc8e0e89e89cf4f0c71808666f6c6e7	Unassigned	0.002809540383462261
d23fbef2f31d48eda40876cdbc49933a	Unassigned	0.0010951167307780008
1b158b8b2922d4fcad5d9cea607cbb7d	Unassigned	0.0013257303221073657
7d28a9e5ac8c019cc2652582737fbcd3	Unassigned	0.0033252966231542835
0a4009eb300a0f2671383587d6d8401e	Unassigned	0.003793285615028341
51393137c0bd87733bef92c0d82ad05f	Unassigned	0.00115369373009222
e336f37a27cbd76db5b0040a8c078e20	Unassigned	0.002114363088981608
b2ef982dc0bea729afdf7fd8fd1e9ec2	Unassigned	0.00784283507112371
3dcf95f04c5e5084618a820fded0a048	Unassigned	0.0030014454380258293
8bc54d575f88d09b2ba16b7f571812ae	Unassigned	0.0015373236504367949
e0e1377d3cbdb63c25bd1022c5d25c4a	Unassigned	0.00501252350828596
e5269e32edd47bb63709e25e22a6f0ae	Unassigned	0.0013855583364735802
668fdb718997fc1589c7817655d4bb5f	Unassigned	0.001468628226184987
54f3fa8080e96ee8c48b77627ac0ae3a	Unassigned	0.002133528942217966
a1a3200b76bcd6000a0914892d370b6e	Unassigned	0.00140397536793202
dd9c965e5c7fda83513c06726b00417c	Unassigned	0.0034178841147546324
608e6548b1b4cbb6176c8fce090991a5	Unassigned	0.0031494700179902635
bb03e6ea99adcfcf8083ec2c9af114fb	Unassigned	0.0036565898549187903
ade3784d6dfd298c1bf09140aaa941fb	Unassigned	0.00186966948254208
abcb4683a75225cb127fc362b64f0557	Unassigned	0.00784687383585203
d63133c757e4c822d016db63aaa83f83	Unassigned	0.0019955328466069178
