Feature ID	Taxon	Confidence
171be7c96c0335f324d4944988c595c5	Unassigned	4.3298697960381105e-15
d374c2f3352092dd2c1ecf3aabe74277	k__Fungi	1.0000000000000053
d03ca5e8f74dbdfd8c0bb07de9049815	Unassigned	9.880984919163893e-15
47ac2d324e41fb682b0f47d211b737c7	Unassigned	7.771561172376096e-16
65300481deec02196e65f2f7d7e4b9b7	k__Fungi	1.0000000000000053
74cbdaeaced6bd3a886efe2a40dbb783	k__Fungi	1.000000000000002
1836a383f4d66000688d33087c6608ae	Unassigned	1.4432899320127035e-15
d48eeaecb871518ba4e11d1aa1d8bcbb	k__Fungi	1.0000000000000038
2cc5e8a108cbbe4c1dfe3126e6192d98	Unassigned	7.771561172376096e-16
79c30328522455fabacd8f04fd2479d8	k__Fungi	1.000000000000002
805835e9bf3bd3095815b9483ff9ed30	k__Fungi	1.0000000000000004
638ba109fec2bb27d5564f2ba95523cb	Unassigned	7.438494264988549e-15
9af25943261b01c1fe84b8c617b23078	Unassigned	1.2212453270876722e-15
d735827e8c9fbe5b6cb8d60976076416	k__Fungi	1.0000000000000047
7ff7f9832be57dc8108fd6390e8e905c	k__Fungi	1.0000000000000073
ea10825e5788bd2b72e64642e7d0d397	k__Fungi	1.0000000000000024
bd81f00fac7cfe112949c77cd943bbad	Unassigned	8.43769498715119e-15
06e9965863cbd2673071e43ea32612d9	k__Fungi	1.000000000000002
205f6ef616578d01de786903537b64a9	k__Fungi	1.0000000000000038
0f30c81d2e95cdb37d44661270d73d3a	Unassigned	7.216449660063518e-15
87911359940e653775ec69e92ce60108	Unassigned	1.6653345369377348e-15
3b7b9fa2c7520ded4f910be5e93836bb	Unassigned	5.662137425588298e-15
