Feature ID	Taxon	Confidence
bc23d2ee539bf2f52faf789289af7879	Unassigned	6.688704590196437e-09
dcb7b288381ec22163253cc31ca4bb57	Unassigned	1.8566896908822628e-09
c4269a6e9bd66eca53e710c9f9d9ad4f	Unassigned	0.0059614147245857785
194be3a565245d51b6d1182d4d8c7e5b	Unassigned	4.460345870427318e-09
4e9b3c8dd9808d6a78936ceaf96dc0d5	Unassigned	2.683786526347376e-11
aebf2a74a3aa9e5876c479b1db88985f	Unassigned	4.2793435461874196e-11
d8505780c03879a277eb71fe2c852192	Unassigned	4.125618401240594e-06
075614efc7d3dd61cd64a4e5f17078ae	Unassigned	1.7923218464943602e-11
92e3a73c9006d7a85d3112558daf2576	Unassigned	5.255264001746696e-10
d9e724faff24eeeb7ac7fcc5cc7885b6	Unassigned	3.236776152659715e-07
7a8d29c59b803baaed9cc1f04ce0dc33	Unassigned	1.5188428292844947e-10
b3fef1e26b7b6ac20847ede4da68547a	Unassigned	1.683754391468284e-08
86adb6193435090318cf24df07770d07	Unassigned	3.2504130154098476e-07
94b000e59b7ac160b0416c9ab45ff0bf	Unassigned	6.691447396178773e-11
74c5523929f4d53f7928f15bc7751994	Unassigned	1.2194367737805578e-10
b7269ca8dbd01fc77b163d64ff1caf90	Unassigned	9.994716476668941e-08
e25836661b81c9cc3aa99c8b2c7ca14d	Unassigned	4.464351111010956e-11
1c86153e1b13ab5322c96f2602b73513	Unassigned	6.183741219079053e-08
47ad35356a9bfec68416d32e4f039021	Unassigned	1.4105605572467539e-11
29f6e97a2ed3b8abe26bb45acba8451f	Unassigned	4.109107498706521e-10
04195686f2b70585790ec75320de0d6f	Unassigned	2.2518764630774513e-11
5642c43966bbd7f41c2f0cbe988205ff	Unassigned	7.854075168012287e-10
9ac5fec396208e598ab2e2d26985d0df	Unassigned	5.9482189174175915e-09
33b601a7a8295e7a6c8f413504129220	Unassigned	1.5509737938401713e-10
ac5402de1ddf427ab8d2b0a8a0a44f19	Unassigned	4.5808135062941346e-10
