Feature ID	Taxon	Confidence
bc23d2ee539bf2f52faf789289af7879	Unassigned	3.838040996129166e-13
dcb7b288381ec22163253cc31ca4bb57	Unassigned	2.3092638912203256e-14
c4269a6e9bd66eca53e710c9f9d9ad4f	Unassigned	1.4580144869213996e-09
194be3a565245d51b6d1182d4d8c7e5b	Unassigned	1.3988810110276972e-14
4e9b3c8dd9808d6a78936ceaf96dc0d5	Unassigned	3.6637359812630166e-15
aebf2a74a3aa9e5876c479b1db88985f	Unassigned	3.3306690738754696e-15
d8505780c03879a277eb71fe2c852192	Unassigned	9.300765602127115e-08
075614efc7d3dd61cd64a4e5f17078ae	k__Bacteria	1.0000000000000004
92e3a73c9006d7a85d3112558daf2576	Unassigned	6.772360450213455e-15
d9e724faff24eeeb7ac7fcc5cc7885b6	Unassigned	1.3996190761922378e-08
7a8d29c59b803baaed9cc1f04ce0dc33	k__Bacteria	1.0000000000000016
b3fef1e26b7b6ac20847ede4da68547a	Unassigned	1.6542323066914832e-14
86adb6193435090318cf24df07770d07	Unassigned	3.3595348725157237e-13
94b000e59b7ac160b0416c9ab45ff0bf	k__Bacteria	1.0
74c5523929f4d53f7928f15bc7751994	Unassigned	9.978684545330907e-13
b7269ca8dbd01fc77b163d64ff1caf90	Unassigned	1.6540102620865582e-12
e25836661b81c9cc3aa99c8b2c7ca14d	k__Bacteria	1.000000000000001
1c86153e1b13ab5322c96f2602b73513	Unassigned	4.837067413276941e-10
47ad35356a9bfec68416d32e4f039021	Unassigned	4.9960036108132044e-15
29f6e97a2ed3b8abe26bb45acba8451f	Unassigned	4.884981308350689e-15
04195686f2b70585790ec75320de0d6f	Unassigned	5.995204332975845e-15
5642c43966bbd7f41c2f0cbe988205ff	Unassigned	8.22675261247241e-14
9ac5fec396208e598ab2e2d26985d0df	Unassigned	1.2989609388114332e-14
33b601a7a8295e7a6c8f413504129220	k__Bacteria	1.0000000000000018
ac5402de1ddf427ab8d2b0a8a0a44f19	Unassigned	8.43769498715119e-15
