Feature ID	Taxon	Confidence
bc23d2ee539bf2f52faf789289af7879	Unassigned	2.5816829418712217e-07
dcb7b288381ec22163253cc31ca4bb57	Unassigned	3.9857322797764994e-07
c4269a6e9bd66eca53e710c9f9d9ad4f	Unassigned	0.019302522929808275
194be3a565245d51b6d1182d4d8c7e5b	Unassigned	3.65530129053937e-07
4e9b3c8dd9808d6a78936ceaf96dc0d5	Unassigned	5.104352496232423e-10
aebf2a74a3aa9e5876c479b1db88985f	Unassigned	7.098793775028867e-10
d8505780c03879a277eb71fe2c852192	Unassigned	0.00518210701949573
075614efc7d3dd61cd64a4e5f17078ae	Unassigned	2.865384596262288e-10
92e3a73c9006d7a85d3112558daf2576	Unassigned	5.960483727696086e-07
d9e724faff24eeeb7ac7fcc5cc7885b6	Unassigned	0.0002962522668314982
7a8d29c59b803baaed9cc1f04ce0dc33	Unassigned	9.350811280839366e-08
b3fef1e26b7b6ac20847ede4da68547a	Unassigned	1.189063676632074e-06
86adb6193435090318cf24df07770d07	Unassigned	0.00020618002841210625
94b000e59b7ac160b0416c9ab45ff0bf	Unassigned	1.4958712046819755e-10
74c5523929f4d53f7928f15bc7751994	Unassigned	4.605754644337878e-08
b7269ca8dbd01fc77b163d64ff1caf90	Unassigned	0.0001558528108787094
e25836661b81c9cc3aa99c8b2c7ca14d	Unassigned	2.5788758906131193e-09
1c86153e1b13ab5322c96f2602b73513	Unassigned	8.552095421388017e-06
47ad35356a9bfec68416d32e4f039021	Unassigned	2.0541458534140133e-09
29f6e97a2ed3b8abe26bb45acba8451f	Unassigned	3.8847790539975335e-08
04195686f2b70585790ec75320de0d6f	Unassigned	1.911808489296618e-10
5642c43966bbd7f41c2f0cbe988205ff	Unassigned	3.817761218272153e-09
9ac5fec396208e598ab2e2d26985d0df	Unassigned	5.882533881895746e-06
33b601a7a8295e7a6c8f413504129220	Unassigned	2.1243963255201948e-09
ac5402de1ddf427ab8d2b0a8a0a44f19	Unassigned	2.6514507145414257e-08
