Feature ID	Taxon	Confidence
bc23d2ee539bf2f52faf789289af7879	Unassigned	7.778327648644279e-09
dcb7b288381ec22163253cc31ca4bb57	Unassigned	1.1551616330152115e-09
c4269a6e9bd66eca53e710c9f9d9ad4f	Unassigned	0.004803061287968258
194be3a565245d51b6d1182d4d8c7e5b	Unassigned	5.1374946741233884e-08
4e9b3c8dd9808d6a78936ceaf96dc0d5	Unassigned	1.4432899320127035e-10
aebf2a74a3aa9e5876c479b1db88985f	Unassigned	5.287740245663031e-10
d8505780c03879a277eb71fe2c852192	Unassigned	0.00017508964436308005
075614efc7d3dd61cd64a4e5f17078ae	Unassigned	1.3263390385986895e-11
92e3a73c9006d7a85d3112558daf2576	Unassigned	3.349543753472517e-09
d9e724faff24eeeb7ac7fcc5cc7885b6	Unassigned	4.067227551307617e-06
7a8d29c59b803baaed9cc1f04ce0dc33	Unassigned	1.005442729073991e-09
b3fef1e26b7b6ac20847ede4da68547a	Unassigned	5.066550068377751e-09
86adb6193435090318cf24df07770d07	Unassigned	1.605378971725191e-05
94b000e59b7ac160b0416c9ab45ff0bf	Unassigned	1.379659719802362e-10
74c5523929f4d53f7928f15bc7751994	Unassigned	5.240552214402783e-09
b7269ca8dbd01fc77b163d64ff1caf90	Unassigned	6.852826881509344e-07
e25836661b81c9cc3aa99c8b2c7ca14d	Unassigned	2.2874746541390323e-10
1c86153e1b13ab5322c96f2602b73513	Unassigned	3.042315285251007e-07
47ad35356a9bfec68416d32e4f039021	Unassigned	2.2690516132684024e-11
29f6e97a2ed3b8abe26bb45acba8451f	Unassigned	1.93648219681819e-09
04195686f2b70585790ec75320de0d6f	Unassigned	1.7446266653564635e-11
5642c43966bbd7f41c2f0cbe988205ff	Unassigned	1.0005037909266434e-09
9ac5fec396208e598ab2e2d26985d0df	Unassigned	2.219195116559547e-08
33b601a7a8295e7a6c8f413504129220	Unassigned	3.2395042204313995e-10
ac5402de1ddf427ab8d2b0a8a0a44f19	Unassigned	5.042868234106379e-09
