Feature ID	Taxon	Confidence
bc23d2ee539bf2f52faf789289af7879	Unassigned	4.107825191113079e-15
dcb7b288381ec22163253cc31ca4bb57	Unassigned	1.1102230246251565e-14
c4269a6e9bd66eca53e710c9f9d9ad4f	Unassigned	5.270858194350581e-10
194be3a565245d51b6d1182d4d8c7e5b	Unassigned	2.220446049250313e-15
4e9b3c8dd9808d6a78936ceaf96dc0d5	k__Bacteria	1.0000000000000004
aebf2a74a3aa9e5876c479b1db88985f	k__Bacteria	1.0000000000000044
d8505780c03879a277eb71fe2c852192	Unassigned	5.6955522076407306e-08
075614efc7d3dd61cd64a4e5f17078ae	k__Bacteria	1.0000000000000056
92e3a73c9006d7a85d3112558daf2576	k__Bacteria	1.0000000000000038
d9e724faff24eeeb7ac7fcc5cc7885b6	Unassigned	1.0423434115836017e-08
7a8d29c59b803baaed9cc1f04ce0dc33	Unassigned	1.1102230246251565e-15
b3fef1e26b7b6ac20847ede4da68547a	k__Bacteria	1.0000000000000002
86adb6193435090318cf24df07770d07	Unassigned	1.887379141862766e-14
94b000e59b7ac160b0416c9ab45ff0bf	k__Bacteria	1.0
74c5523929f4d53f7928f15bc7751994	Unassigned	5.229150445984487e-14
b7269ca8dbd01fc77b163d64ff1caf90	Unassigned	5.806466418789569e-14
e25836661b81c9cc3aa99c8b2c7ca14d	Unassigned	5.218048215738236e-15
1c86153e1b13ab5322c96f2602b73513	Unassigned	1.127024029656809e-09
47ad35356a9bfec68416d32e4f039021	Unassigned	3.774758283725532e-15
29f6e97a2ed3b8abe26bb45acba8451f	Unassigned	6.8833827526759706e-15
04195686f2b70585790ec75320de0d6f	k__Bacteria	1.0000000000000038
5642c43966bbd7f41c2f0cbe988205ff	k__Bacteria	1.0000000000000009
9ac5fec396208e598ab2e2d26985d0df	Unassigned	9.325873406851315e-15
33b601a7a8295e7a6c8f413504129220	k__Bacteria	1.0000000000000018
ac5402de1ddf427ab8d2b0a8a0a44f19	Unassigned	3.6637359812630166e-15
