Feature ID	Taxon	Confidence
bc23d2ee539bf2f52faf789289af7879	Unassigned	8.114187152186148e-07
dcb7b288381ec22163253cc31ca4bb57	Unassigned	5.204171370398747e-06
c4269a6e9bd66eca53e710c9f9d9ad4f	Unassigned	0.00017448578284273708
194be3a565245d51b6d1182d4d8c7e5b	Unassigned	3.1747602990961354e-08
4e9b3c8dd9808d6a78936ceaf96dc0d5	Unassigned	1.989408637825818e-12
aebf2a74a3aa9e5876c479b1db88985f	Unassigned	5.243583345304614e-13
d8505780c03879a277eb71fe2c852192	Unassigned	0.002021909221127882
075614efc7d3dd61cd64a4e5f17078ae	Unassigned	3.519406988061746e-14
92e3a73c9006d7a85d3112558daf2576	Unassigned	3.3198771842712915e-08
d9e724faff24eeeb7ac7fcc5cc7885b6	Unassigned	0.003144780704182004
7a8d29c59b803baaed9cc1f04ce0dc33	Unassigned	2.8077254743408275e-08
b3fef1e26b7b6ac20847ede4da68547a	Unassigned	9.595493621894491e-09
86adb6193435090318cf24df07770d07	Unassigned	1.1303686701102933e-06
94b000e59b7ac160b0416c9ab45ff0bf	Unassigned	4.957145804951324e-13
74c5523929f4d53f7928f15bc7751994	Unassigned	3.665444850975419e-07
b7269ca8dbd01fc77b163d64ff1caf90	Unassigned	7.744694952460662e-06
e25836661b81c9cc3aa99c8b2c7ca14d	Unassigned	2.8104185645361213e-12
1c86153e1b13ab5322c96f2602b73513	Unassigned	6.21649489218612e-05
47ad35356a9bfec68416d32e4f039021	Unassigned	6.4792615717124136e-12
29f6e97a2ed3b8abe26bb45acba8451f	Unassigned	3.913241841679849e-09
04195686f2b70585790ec75320de0d6f	Unassigned	1.028066520802895e-13
5642c43966bbd7f41c2f0cbe988205ff	Unassigned	2.4166385559354353e-09
9ac5fec396208e598ab2e2d26985d0df	Unassigned	3.2186085385799146e-07
33b601a7a8295e7a6c8f413504129220	Unassigned	5.465161656559303e-11
ac5402de1ddf427ab8d2b0a8a0a44f19	Unassigned	4.2626890905950177e-10
