Feature ID	Taxon	Confidence
bc23d2ee539bf2f52faf789289af7879	k__Bacteria	1.0000000000000016
dcb7b288381ec22163253cc31ca4bb57	k__Bacteria	1.0000000000000027
c4269a6e9bd66eca53e710c9f9d9ad4f	Unassigned	4.0209391372059144e-11
194be3a565245d51b6d1182d4d8c7e5b	Unassigned	1.2212453270876722e-15
4e9b3c8dd9808d6a78936ceaf96dc0d5	Unassigned	1.3322676295501878e-15
aebf2a74a3aa9e5876c479b1db88985f	Unassigned	5.440092820663267e-15
d8505780c03879a277eb71fe2c852192	Unassigned	3.1100376718384837e-09
075614efc7d3dd61cd64a4e5f17078ae	k__Bacteria	1.0000000000000036
92e3a73c9006d7a85d3112558daf2576	k__Bacteria	1.0000000000000027
d9e724faff24eeeb7ac7fcc5cc7885b6	Unassigned	4.329698821692318e-10
7a8d29c59b803baaed9cc1f04ce0dc33	Unassigned	4.6629367034256575e-15
b3fef1e26b7b6ac20847ede4da68547a	Unassigned	4.04121180963557e-14
86adb6193435090318cf24df07770d07	Unassigned	6.400435736964027e-13
94b000e59b7ac160b0416c9ab45ff0bf	Unassigned	7.771561172376096e-15
74c5523929f4d53f7928f15bc7751994	Unassigned	9.803269307440132e-14
b7269ca8dbd01fc77b163d64ff1caf90	Unassigned	9.084955010507656e-13
e25836661b81c9cc3aa99c8b2c7ca14d	Unassigned	1.9984014443252818e-15
1c86153e1b13ab5322c96f2602b73513	Unassigned	3.84085763194264e-10
47ad35356a9bfec68416d32e4f039021	Unassigned	6.772360450213455e-15
29f6e97a2ed3b8abe26bb45acba8451f	Unassigned	3.552713678800501e-15
04195686f2b70585790ec75320de0d6f	k__Bacteria	1.000000000000002
5642c43966bbd7f41c2f0cbe988205ff	Unassigned	6.306066779870889e-14
9ac5fec396208e598ab2e2d26985d0df	Unassigned	3.7492231541591536e-13
33b601a7a8295e7a6c8f413504129220	Unassigned	7.771561172376096e-16
ac5402de1ddf427ab8d2b0a8a0a44f19	Unassigned	8.881784197001252e-15
