Feature ID	Taxon	Confidence
507a4f80b46203c7ea1cc1f3c9652d56	Unassigned	2.0317081350640365e-14
79b09c68e850b6405ab33a215fc37575	k__Fungi	1.0000000000000002
81745a375a7def45786f11810b7f7a23	Unassigned	1.3322676295501878e-15
698cc1c87e33a2fb6935df2885041fd0	k__Fungi	1.000000000000009
8263dd7f28951a8c4bba772aa8002087	Unassigned	6.217248937900877e-15
e906ccf8fc1199985cd01a70720434e4	Unassigned	5.551115123125783e-16
dcaabcef6fde506746066d19fdc4a7d3	k__Fungi	1.0000000000000033
add1877e2a0a9fa2a4d1d46bb632eef6	k__Fungi	1.0000000000000004
c9e68e0956e6a7f01d4af63749dc7db6	k__Fungi	1.000000000000007
9fad7c7248bc18d732bd0ef256aaba8b	Unassigned	1.887379141862766e-14
d1fa3688c168ff1c4b51b88af85c672b	Unassigned	8.770761894538737e-15
91dd74965f7a3bafb5fdf521d499530d	k__Fungi	1.0000000000000062
4d2ee7478d36fdce0260c1ba165c9382	Unassigned	1.432187701766452e-14
edc7cbedf6df1c544c256d73cc426a69	k__Fungi	1.0000000000000009
b3af153a9145a74cef633d4ed5da5c50	k__Fungi	1.0000000000000013
b36e748bf3a4614654df2d83ff1116cc	Unassigned	6.106226635438361e-15
becb377141a930014e5c33d8d1747773	Unassigned	5.551115123125783e-15
1155f3280090b1fa48dfc2fd9818b543	Unassigned	6.328271240363392e-15
b7b3cc370cd30775e1518e79c3bb8c67	Unassigned	3.9968028886505635e-15
5034290617cac040feac3773f3a6d0be	Unassigned	7.105427357601002e-15
f27fbf96075574111702ab4d56d0fb51	k__Fungi	1.0000000000000036
1159954bed19d2b166c8a53e12ea2f4f	Unassigned	2.19824158875781e-14
99e86f7eb0de36633fed630f02764c0c	k__Fungi	1.0000000000000044
e5a3b157105cb8775c6e702cfdad8942	k__Fungi	1.0000000000000047
