Feature ID	Taxon	Confidence
bc23d2ee539bf2f52faf789289af7879	Unassigned	0.0034911069817371576
dcb7b288381ec22163253cc31ca4bb57	Unassigned	0.008893354356556804
c4269a6e9bd66eca53e710c9f9d9ad4f	Unassigned	0.07047167622684636
194be3a565245d51b6d1182d4d8c7e5b	Unassigned	0.0007394752887727174
4e9b3c8dd9808d6a78936ceaf96dc0d5	Unassigned	1.1850271541824497e-08
aebf2a74a3aa9e5876c479b1db88985f	Unassigned	3.990962521571717e-07
d8505780c03879a277eb71fe2c852192	Unassigned	0.47121740202612983
075614efc7d3dd61cd64a4e5f17078ae	Unassigned	7.2160437625257146e-09
92e3a73c9006d7a85d3112558daf2576	Unassigned	0.012608720935543216
d9e724faff24eeeb7ac7fcc5cc7885b6	Unassigned	0.5760905283004647
7a8d29c59b803baaed9cc1f04ce0dc33	Unassigned	0.0070670882370656996
b3fef1e26b7b6ac20847ede4da68547a	Unassigned	0.0003391662131052575
86adb6193435090318cf24df07770d07	Unassigned	0.039047483843175024
94b000e59b7ac160b0416c9ab45ff0bf	Unassigned	2.3900904588813887e-08
74c5523929f4d53f7928f15bc7751994	Unassigned	5.192971613943165e-06
b7269ca8dbd01fc77b163d64ff1caf90	Unassigned	0.07034035133272254
e25836661b81c9cc3aa99c8b2c7ca14d	Unassigned	1.179109635485176e-07
1c86153e1b13ab5322c96f2602b73513	Unassigned	0.02289716299052047
47ad35356a9bfec68416d32e4f039021	Unassigned	1.3210070315405886e-07
29f6e97a2ed3b8abe26bb45acba8451f	Unassigned	0.00014605056801830774
04195686f2b70585790ec75320de0d6f	Unassigned	1.1526979371012658e-08
5642c43966bbd7f41c2f0cbe988205ff	Unassigned	1.4783858237610303e-07
9ac5fec396208e598ab2e2d26985d0df	Unassigned	0.0043364821330983405
33b601a7a8295e7a6c8f413504129220	Unassigned	4.548401214554687e-07
ac5402de1ddf427ab8d2b0a8a0a44f19	Unassigned	2.6227260512823314e-05
