Feature ID	Taxon	Confidence
afeae9e57f2e2a918902b146c376fdc0	k__Fungi	1.0000000000000036
aeac8ff8687765baa1f657ec90e41c22	Unassigned	1.2212453270876722e-15
0b1cf6e8ccdb11ef25978ed07ee1abb5	Unassigned	1.9984014443252818e-15
694399cfbbeef3655448055f1e613c88	Unassigned	1.4432899320127035e-15
1a3049e10759741eccdf6185d1057395	Unassigned	5.551115123125783e-15
59898df56079ef7b63a1509c1d0c3e4a	Unassigned	2.3092638912203256e-14
8f3ab3b1531d5b4a8e0c534d9f1765fc	k__Fungi	1.0000000000000004
743c3a774f91d277135d9d767ae5200e	k__Fungi	1.0000000000000073
ab630feaee48241a99ebb4a7e7184d08	k__Fungi	1.0000000000000036
ed96319b4f652c78621c5d910af6fc17	k__Fungi	1.0000000000000029
f8d7f27f6a7f99a86537aa25726c2f81	Unassigned	2.886579864025407e-15
9cb6db5283b6780d4b270e3a3790b06f	Unassigned	8.881784197001252e-15
408a00c2b888db28461e4501a5023a40	Unassigned	5.88418203051333e-15
9e27ed29df06fe4435925f6771eb30e9	Unassigned	1.4432899320127035e-15
7e45c5f298158a17366a3d19b6d4e7d6	Unassigned	7.771561172376096e-16
62cca9a998881d45db798899e100bb1f	Unassigned	8.770761894538737e-15
28c48e3027903e1e8c370945761f2000	k__Fungi	1.0000000000000016
b1df45f194d3bed7bb8cfc61a84dff8c	Unassigned	4.3298697960381105e-15
edbf2d73649788586a25d84fef8c5404	Unassigned	1.4432899320127035e-15
f330cace0d1eab2c0c6952a0d9f90d15	Unassigned	4.3298697960381105e-15
12d19383556cee322f80699eb9d5fd82	k__Fungi	1.0000000000000016
b2b7da9609ab1527184304e4312bd00f	k__Fungi	1.000000000000001
e67b18001a5e93d8d3f6cf211c20bdf9	k__Fungi	1.0000000000000058
