Feature ID	Taxon	Confidence
bc23d2ee539bf2f52faf789289af7879	Unassigned	1.6718878093069378e-07
dcb7b288381ec22163253cc31ca4bb57	Unassigned	2.1562790664120257e-08
c4269a6e9bd66eca53e710c9f9d9ad4f	Unassigned	0.007328755219352723
194be3a565245d51b6d1182d4d8c7e5b	Unassigned	1.7786194306257386e-07
4e9b3c8dd9808d6a78936ceaf96dc0d5	Unassigned	8.387557315359118e-11
aebf2a74a3aa9e5876c479b1db88985f	Unassigned	6.707771005309837e-10
d8505780c03879a277eb71fe2c852192	Unassigned	0.000152778785487917
075614efc7d3dd61cd64a4e5f17078ae	Unassigned	1.7671641927563542e-11
92e3a73c9006d7a85d3112558daf2576	Unassigned	2.4436216050638393e-08
d9e724faff24eeeb7ac7fcc5cc7885b6	Unassigned	2.0618694657748016e-05
7a8d29c59b803baaed9cc1f04ce0dc33	Unassigned	7.736634888289018e-09
b3fef1e26b7b6ac20847ede4da68547a	Unassigned	5.142356033216444e-07
86adb6193435090318cf24df07770d07	Unassigned	9.078158068720477e-06
94b000e59b7ac160b0416c9ab45ff0bf	Unassigned	4.131261999162916e-11
74c5523929f4d53f7928f15bc7751994	Unassigned	3.716727225988592e-08
b7269ca8dbd01fc77b163d64ff1caf90	Unassigned	1.892617785870243e-05
e25836661b81c9cc3aa99c8b2c7ca14d	Unassigned	1.8100340115623226e-09
1c86153e1b13ab5322c96f2602b73513	Unassigned	6.857908663171486e-07
47ad35356a9bfec68416d32e4f039021	Unassigned	1.9087809111084653e-10
29f6e97a2ed3b8abe26bb45acba8451f	Unassigned	1.2100115909241538e-08
04195686f2b70585790ec75320de0d6f	Unassigned	5.1062043482374975e-11
5642c43966bbd7f41c2f0cbe988205ff	Unassigned	1.5195682490087847e-09
9ac5fec396208e598ab2e2d26985d0df	Unassigned	1.6814933312403468e-07
33b601a7a8295e7a6c8f413504129220	Unassigned	4.203480896691758e-10
ac5402de1ddf427ab8d2b0a8a0a44f19	Unassigned	1.0610614498141047e-08
