Feature ID	Taxon	Confidence
171be7c96c0335f324d4944988c595c5	Unassigned	5.551115123125783e-15
d374c2f3352092dd2c1ecf3aabe74277	k__Fungi	1.0000000000000004
d03ca5e8f74dbdfd8c0bb07de9049815	Unassigned	7.882583474838611e-15
47ac2d324e41fb682b0f47d211b737c7	Unassigned	4.3298697960381105e-15
65300481deec02196e65f2f7d7e4b9b7	Unassigned	3.4416913763379853e-15
74cbdaeaced6bd3a886efe2a40dbb783	Unassigned	5.218048215738236e-15
1836a383f4d66000688d33087c6608ae	k__Fungi	1.0000000000000009
b96756e30ea6348922211d1861161e7c	Unassigned	7.216449660063518e-15
7bc1493fc38dde45496e51ea21fcd71a	Unassigned	5.773159728050814e-15
69607bca4ab581da58e5c9a7bd46c569	Unassigned	2.886579864025407e-15
d48eeaecb871518ba4e11d1aa1d8bcbb	Unassigned	1.2212453270876722e-15
b45d143b04d073c2bc2d2f8e1b7635d6	Unassigned	4.6629367034256575e-15
2cc5e8a108cbbe4c1dfe3126e6192d98	k__Fungi	1.0000000000000036
79c30328522455fabacd8f04fd2479d8	Unassigned	7.66053886991358e-15
805835e9bf3bd3095815b9483ff9ed30	k__Fungi	1.0000000000000004
638ba109fec2bb27d5564f2ba95523cb	Unassigned	1.9984014443252818e-15
9af25943261b01c1fe84b8c617b23078	k__Fungi	1.000000000000007
3ac746afb1d6dc247dbbec745572dcfc	Unassigned	2.6645352591003757e-15
d735827e8c9fbe5b6cb8d60976076416	k__Fungi	1.0000000000000018
7ff7f9832be57dc8108fd6390e8e905c	k__Fungi	1.0000000000000102
ea10825e5788bd2b72e64642e7d0d397	Unassigned	2.220446049250313e-16
bd81f00fac7cfe112949c77cd943bbad	Unassigned	2.6645352591003757e-15
06e9965863cbd2673071e43ea32612d9	k__Fungi	1.0000000000000056
205f6ef616578d01de786903537b64a9	Unassigned	1.4432899320127035e-15
0f30c81d2e95cdb37d44661270d73d3a	Unassigned	1.1102230246251565e-16
87911359940e653775ec69e92ce60108	k__Fungi	1.0000000000000053
3b7b9fa2c7520ded4f910be5e93836bb	Unassigned	5.88418203051333e-15
0da84df041390795dc8c0ad0bfda27df	k__Fungi	1.0000000000000029
2f173101691f8f9521e843a5c1ae40c1	k__Fungi	1.000000000000003
