Feature ID	Taxon	Confidence
171be7c96c0335f324d4944988c595c5	k__Fungi	1.000000000000001
d374c2f3352092dd2c1ecf3aabe74277	Unassigned	6.217248937900877e-15
d03ca5e8f74dbdfd8c0bb07de9049815	k__Fungi	1.000000000000009
47ac2d324e41fb682b0f47d211b737c7	Unassigned	4.3298697960381105e-15
65300481deec02196e65f2f7d7e4b9b7	k__Fungi	1.0000000000000004
74cbdaeaced6bd3a886efe2a40dbb783	k__Fungi	1.0000000000000042
1836a383f4d66000688d33087c6608ae	k__Fungi	1.0000000000000098
d48eeaecb871518ba4e11d1aa1d8bcbb	Unassigned	2.1094237467877974e-15
2cc5e8a108cbbe4c1dfe3126e6192d98	Unassigned	2.886579864025407e-15
79c30328522455fabacd8f04fd2479d8	k__Fungi	1.0000000000000067
805835e9bf3bd3095815b9483ff9ed30	k__Fungi	1.0000000000000022
638ba109fec2bb27d5564f2ba95523cb	k__Fungi	1.0000000000000042
9af25943261b01c1fe84b8c617b23078	Unassigned	8.881784197001252e-16
d735827e8c9fbe5b6cb8d60976076416	Unassigned	2.55351295663786e-15
7ff7f9832be57dc8108fd6390e8e905c	Unassigned	5.329070518200751e-15
ea10825e5788bd2b72e64642e7d0d397	Unassigned	1.887379141862766e-15
bd81f00fac7cfe112949c77cd943bbad	k__Fungi	1.0000000000000049
06e9965863cbd2673071e43ea32612d9	k__Fungi	1.0000000000000053
205f6ef616578d01de786903537b64a9	Unassigned	5.329070518200751e-15
0f30c81d2e95cdb37d44661270d73d3a	k__Fungi	1.0000000000000029
87911359940e653775ec69e92ce60108	Unassigned	6.772360450213455e-15
3b7b9fa2c7520ded4f910be5e93836bb	Unassigned	1.0658141036401503e-14
