Feature ID	Taxon	Confidence
bc23d2ee539bf2f52faf789289af7879	Unassigned	5.025466598418404e-09
dcb7b288381ec22163253cc31ca4bb57	Unassigned	7.7622197558469e-10
c4269a6e9bd66eca53e710c9f9d9ad4f	Unassigned	0.0014256785596967747
194be3a565245d51b6d1182d4d8c7e5b	Unassigned	1.3131786325004668e-08
4e9b3c8dd9808d6a78936ceaf96dc0d5	Unassigned	2.584517044823542e-10
aebf2a74a3aa9e5876c479b1db88985f	Unassigned	1.4337124598640116e-08
d8505780c03879a277eb71fe2c852192	Unassigned	9.745620205281469e-07
075614efc7d3dd61cd64a4e5f17078ae	Unassigned	6.408970021354321e-10
92e3a73c9006d7a85d3112558daf2576	Unassigned	3.6535044989349785e-09
d9e724faff24eeeb7ac7fcc5cc7885b6	Unassigned	1.9321243271974708e-07
7a8d29c59b803baaed9cc1f04ce0dc33	Unassigned	1.0063975208751685e-09
b3fef1e26b7b6ac20847ede4da68547a	Unassigned	4.318492041743838e-08
86adb6193435090318cf24df07770d07	Unassigned	4.5033869811028637e-07
94b000e59b7ac160b0416c9ab45ff0bf	Unassigned	1.7082109060595485e-09
74c5523929f4d53f7928f15bc7751994	Unassigned	4.444212919896273e-08
b7269ca8dbd01fc77b163d64ff1caf90	Unassigned	1.289444120144978e-06
e25836661b81c9cc3aa99c8b2c7ca14d	Unassigned	1.065123478305452e-08
1c86153e1b13ab5322c96f2602b73513	Unassigned	1.391111964510472e-07
47ad35356a9bfec68416d32e4f039021	Unassigned	5.408883341218029e-10
29f6e97a2ed3b8abe26bb45acba8451f	Unassigned	1.96977290034539e-09
04195686f2b70585790ec75320de0d6f	Unassigned	2.7879931696617177e-10
5642c43966bbd7f41c2f0cbe988205ff	Unassigned	9.524608624023045e-08
9ac5fec396208e598ab2e2d26985d0df	Unassigned	3.143114180037543e-07
33b601a7a8295e7a6c8f413504129220	Unassigned	2.9971539694528815e-09
ac5402de1ddf427ab8d2b0a8a0a44f19	Unassigned	1.3285357258752128e-09
