Feature ID	Taxon	Confidence
bc23d2ee539bf2f52faf789289af7879	Unassigned	3.221578559475802e-11
dcb7b288381ec22163253cc31ca4bb57	Unassigned	6.822320486321587e-13
c4269a6e9bd66eca53e710c9f9d9ad4f	Unassigned	1.4231098521833019e-09
194be3a565245d51b6d1182d4d8c7e5b	Unassigned	4.533728947819782e-11
4e9b3c8dd9808d6a78936ceaf96dc0d5	Unassigned	1.811772953885793e-12
aebf2a74a3aa9e5876c479b1db88985f	Unassigned	9.152478774865358e-11
d8505780c03879a277eb71fe2c852192	Unassigned	7.103125039487068e-06
075614efc7d3dd61cd64a4e5f17078ae	Unassigned	7.521760991835436e-13
92e3a73c9006d7a85d3112558daf2576	Unassigned	7.885359032400174e-11
d9e724faff24eeeb7ac7fcc5cc7885b6	Unassigned	3.499077571689213e-06
7a8d29c59b803baaed9cc1f04ce0dc33	Unassigned	7.753342412541997e-11
b3fef1e26b7b6ac20847ede4da68547a	Unassigned	7.581568706171993e-11
86adb6193435090318cf24df07770d07	Unassigned	2.3839578644491155e-08
94b000e59b7ac160b0416c9ab45ff0bf	Unassigned	1.0564660257728065e-11
74c5523929f4d53f7928f15bc7751994	Unassigned	2.8796209861070565e-10
b7269ca8dbd01fc77b163d64ff1caf90	Unassigned	2.6591329138625497e-10
e25836661b81c9cc3aa99c8b2c7ca14d	Unassigned	2.9742874829707944e-13
1c86153e1b13ab5322c96f2602b73513	Unassigned	3.3478380950802133e-06
47ad35356a9bfec68416d32e4f039021	Unassigned	3.979261364861486e-12
29f6e97a2ed3b8abe26bb45acba8451f	Unassigned	5.938327607424299e-11
04195686f2b70585790ec75320de0d6f	Unassigned	3.7914116290949096e-13
5642c43966bbd7f41c2f0cbe988205ff	Unassigned	1.8667473122846445e-09
9ac5fec396208e598ab2e2d26985d0df	Unassigned	1.2816453454078669e-08
33b601a7a8295e7a6c8f413504129220	Unassigned	1.8399648471500996e-10
ac5402de1ddf427ab8d2b0a8a0a44f19	Unassigned	5.460565333237355e-11
